,Country,Year,Policy,Value,Event Description,Indicator,Indicator Description,Value Previous,Value Start,Value Difference
5,Albania,1991,Reserve requirements (0-2),0.0,State of liberalization at starting date,RR,Reserve requirements (0-2),0.0,0.0,0.0
6,Albania,1992,Reserve requirements (0-2),1.0,"At end-September 1992, reserve deposits at the BOA were less than 15 percent of required reserves (RED 1993).",RR,Reserve requirements (0-2),0.0,0.0,1.0
7,Albania,1994,Reserve requirements (0-2),2.0,Banks are required to place 10 percent of all deposits as required reserves (RED 1994).,RR,Reserve requirements (0-2),1.0,0.0,1.0
8,Albania,1997,Reserve requirements (0-2),2.0,"Reserve requirement on all deposits is 10% in 1998, 1999, 2002, 2006 (Reinhart and Reinhart).",RR,Reserve requirements (0-2),2.0,0.0,0.0
9,Albania,2013,Reserve requirements (0-2),2.0,Required reserve ratio is 10 % during 2008 to 2013.,RR,Reserve requirements (0-2),2.0,0.0,0.0
