Variable Name,Description
creditcont2013,Credit controls and reserve requirements -2013 (0-3) 
intrate2013,Interest rate liberalization -2013 (0-3)
bankentry2013,Banking sector entry -2013 (0-3)
finaccounttrans2013,Financial account transactions -2013 (0-3)
privatization2013,Privatization of banks -2013 (0-3)
security2013,Securities markets-2013 (0-3)
banksuperv2013,Banking sector supervision-2013 (0-3)
 creditcont_rawtotal,Credit Controls/reserve requirements raw score -2013 (0-4)
directedcredit,Directed credit/minimum amount of credit channel to certain sectors (0-1)
subsidizedcredit,Directed credit/credit supplied to certain sectors at subsidized rates (0-1)
RR,Reserve requirements (0-2)
Interestrate_rawtotal,Interest rate liberalization raw score -2013 (0-4)
depositrate,Interest rate liberalization/deposit rate (0-2)
lendingrate,Interest rate controls/lending rate (0-2)
bankentry_rawtotal,Banking sector entry raw score -2013 (0-5)
foreignbankentry,Banking sector entry/foreign bank entry (0-2)
domesticbankentry,Banking sector entry/new domestic bank entry (0-1)
bankbranch,Banking sector entry/bank branch (0-1)
bankactivity,Banking sector entry/scope of banking activity (0-1)
finaccounttrans_raw ,Financial account transactions  raw score -2013 (0-3)
excrates,Financial account transactions/exchange rate unification (0-1)
Kinflow,Financial account transactions/K inflow liberalization (0-1)
Koutflow,Financial account transactions/K outflow liberalization (0-1)
privatization_raw,Privatization of banks -2013 (0-3)=privatization2013
security_rawtotal,Securities markets  raw score -2013 (0-5)
secdev,Securities markets/ security market development (0-3)
secopen,Securities markets/open to foreign investors (0-2)
banksuperv_rawtotal,Banking sector supervision raw score-2013 (0-11)
BasleCAR,Banking supervision /Basle CAR adoption (0-3)
ind_dejure,Banking supervision/independence of supervisory authority de jure (0-2)
supervisoryp,Banking supervision/supervisory power (0-2)
sitesuperv ,Banking supervision/site supervision (0-2)
globalconsolidation ,Banking supervision/consolidated and global supervision (0-2)
